Run,Assay Type,AvgSpotLen,Bases,BioProject,BioSample,Bytes,Center Name,Consent,DATASTORE filetype,DATASTORE provider,DATASTORE region,Experiment,indrops_version,Instrument,Library_ID,library_index_sequence_used_to_demultiplex,LibraryLayout,LibrarySelection,LibrarySource,minimum_reads_per_cell_during_initial_processing,Organism,Platform,ReleaseDate,replicate_/_experiment,Sample Name,sequencing_pool,source_name,SRA Study,tissue,create_date,version
SRR7061415,RNA-Seq,82,10062851066,PRJNA449931,SAMN08922075,4563839898,GEO,public,"run.zq,fastq,sra","gs,s3,ncbi","ncbi.public,gs.us-east1,s3.us-east-1",SRX3992347,v2,NextSeq 500,Library_1,ATCACG,PAIRED,cDNA,TRANSCRIPTOMIC,"10,000",Xenopus tropicalis,ILLUMINA,2018-04-29T00:00:00Z,Timeseries 1,GSM3095780,Pool 1,Whole embryo,SRP142544,Whole embryo,2018-04-24T18:11:00Z,1
SRR7061416,RNA-Seq,82,12971144641,PRJNA449931,SAMN08922074,5752394477,GEO,public,"fastq,run.zq,sra","s3,ncbi,gs","s3.us-east-1,gs.us-east1,ncbi.public",SRX3992348,v2,NextSeq 500,Library_2,GTAGAG,PAIRED,cDNA,TRANSCRIPTOMIC,"11,000",Xenopus tropicalis,ILLUMINA,2018-04-29T00:00:00Z,Timeseries 1,GSM3095781,Pool 1,Whole embryo,SRP142544,Whole embryo,2018-04-24T18:14:00Z,1
SRR7061417,RNA-Seq,90,3627322566,PRJNA449931,SAMN08922073,2411620369,GEO,public,"run.zq,fastq,sra","gs,ncbi,s3","s3.us-east-1,gs.us-east1,ncbi.public",SRX3992349,v3,NextSeq 500,Library_3,ATAGAGAG,PAIRED,cDNA,TRANSCRIPTOMIC,50,Xenopus tropicalis,ILLUMINA,2018-04-29T00:00:00Z,Timeseries 2,GSM3095782,Pool 3,Whole embryo,SRP142544,Whole embryo,2018-04-24T21:18:00Z,1
SRR7061418,RNA-Seq,82,19955456182,PRJNA449931,SAMN08922072,9015989709,GEO,public,"sra,fastq,run.zq","s3,ncbi,gs","s3.us-east-1,gs.us-east1,ncbi.public",SRX3992350,v2,NextSeq 500,Library_4,CGATGT,PAIRED,cDNA,TRANSCRIPTOMIC,"10,000",Xenopus tropicalis,ILLUMINA,2018-04-29T00:00:00Z,Timeseries 1,GSM3095783,Pool 1,Whole embryo,SRP142544,Whole embryo,2018-04-24T18:55:00Z,1
SRR7061419,RNA-Seq,83,17312553852,PRJNA449931,SAMN08922071,8302358226,GEO,public,"fastq,run.zq,sra","gs,s3,ncbi","s3.us-east-1,gs.us-east1,ncbi.public",SRX3992351,v2,NextSeq 500,Library_5,ATCACG,PAIRED,cDNA,TRANSCRIPTOMIC,"10,000",Xenopus tropicalis,ILLUMINA,2018-04-29T00:00:00Z,Timeseries 1,GSM3095784,Pool 2,Whole embryo,SRP142544,Whole embryo,2018-04-24T20:20:00Z,1
SRR7061420,RNA-Seq,82,19204947901,PRJNA449931,SAMN08922070,9236634149,GEO,public,"sra,run.zq,fastq","gs,s3,ncbi","ncbi.public,s3.us-east-1,gs.us-east1",SRX3992352,v2,NextSeq 500,Library_6,CGATGT,PAIRED,cDNA,TRANSCRIPTOMIC,"10,000",Xenopus tropicalis,ILLUMINA,2018-04-29T00:00:00Z,Timeseries 1,GSM3095785,Pool 2,Whole embryo,SRP142544,Whole embryo,2018-04-24T18:48:00Z,1
SRR7061421,RNA-Seq,90,19724697625,PRJNA449931,SAMN08922069,9877748566,GEO,public,"run.zq,fastq,sra","ncbi,gs,s3","s3.us-east-1,ncbi.public,gs.us-east1",SRX3992353,v3,NextSeq 500,Library_7,TATGCAGT,PAIRED,cDNA,TRANSCRIPTOMIC,50,Xenopus tropicalis,ILLUMINA,2018-04-29T00:00:00Z,Timeseries 2,GSM3095786,Pool 3,Whole embryo,SRP142544,Whole embryo,2018-04-25T14:23:00Z,1
SRR7061422,RNA-Seq,90,17378507036,PRJNA449931,SAMN08922068,8721167569,GEO,public,"run.zq,fastq,sra","gs,ncbi,s3","gs.us-east1,s3.us-east-1,ncbi.public",SRX3992354,v3,NextSeq 500,Library_8,TACTCCTT,PAIRED,cDNA,TRANSCRIPTOMIC,50,Xenopus tropicalis,ILLUMINA,2018-04-29T00:00:00Z,Timeseries 2,GSM3095787,Pool 3,Whole embryo,SRP142544,Whole embryo,2018-04-25T10:39:00Z,1
SRR7061423,RNA-Seq,90,17736950671,PRJNA449931,SAMN08922067,8927206790,GEO,public,"fastq,run.zq,sra","gs,s3,ncbi","s3.us-east-1,gs.us-east1,ncbi.public",SRX3992355,v3,NextSeq 500,Library_9,AGGCTTAG,PAIRED,cDNA,TRANSCRIPTOMIC,50,Xenopus tropicalis,ILLUMINA,2018-04-29T00:00:00Z,Timeseries 2,GSM3095788,Pool 3,Whole embryo,SRP142544,Whole embryo,2018-04-25T06:52:00Z,1
SRR7061424,RNA-Seq,90,5565995010,PRJNA449931,SAMN08922096,3709477223,GEO,public,"run.zq,fastq,sra","s3,gs,ncbi","s3.us-east-1,ncbi.public,gs.us-east1",SRX3992356,v3,NextSeq 500,Library_10,AGAAAGCT,PAIRED,cDNA,TRANSCRIPTOMIC,50,Xenopus tropicalis,ILLUMINA,2018-04-29T00:00:00Z,Timeseries 2,GSM3095789,Pool 3,Whole embryo,SRP142544,Whole embryo,2018-04-25T02:19:00Z,1
SRR7061425,RNA-Seq,90,7541133775,PRJNA449931,SAMN08922095,5021524718,GEO,public,"sra,fastq,run.zq","ncbi,gs,s3","ncbi.public,s3.us-east-1,gs.us-east1",SRX3992357,v3,NextSeq 500,Library_11,ACGCTCTT,PAIRED,cDNA,TRANSCRIPTOMIC,50,Xenopus tropicalis,ILLUMINA,2018-04-29T00:00:00Z,Timeseries 2,GSM3095790,Pool 3,Whole embryo,SRP142544,Whole embryo,2018-04-25T01:32:00Z,1
SRR7061426,RNA-Seq,90,6347048162,PRJNA449931,SAMN08922094,4228693167,GEO,public,"run.zq,sra,fastq","ncbi,gs,s3","gs.us-east1,s3.us-east-1,ncbi.public",SRX3992358,v3,NextSeq 500,Library_12,CGCATTCT,PAIRED,cDNA,TRANSCRIPTOMIC,50,Xenopus tropicalis,ILLUMINA,2018-04-29T00:00:00Z,Timeseries 2,GSM3095791,Pool 3,Whole embryo,SRP142544,Whole embryo,2018-04-24T23:32:00Z,1
SRR7061427,RNA-Seq,90,4200210500,PRJNA449931,SAMN08922093,2814027458,GEO,public,"fastq,sra,run.zq","s3,gs,ncbi","ncbi.public,s3.us-east-1,gs.us-east1",SRX3992359,v3,NextSeq 500,Library_13,TTACCTCC,PAIRED,cDNA,TRANSCRIPTOMIC,50,Xenopus tropicalis,ILLUMINA,2018-04-29T00:00:00Z,NPB dissection,GSM3095792,Pool 3,Dissected neural plate border (NPB) region,SRP142544,Dissected neural plate border (NPB) region,2018-04-24T21:25:00Z,1
SRR7061428,RNA-Seq,90,4479172134,PRJNA449931,SAMN08922092,2991044966,GEO,public,"fastq,run.zq,sra","gs,s3,ncbi","gs.us-east1,ncbi.public,s3.us-east-1",SRX3992360,v3,NextSeq 500,Library_14,CAGTTATG,PAIRED,cDNA,TRANSCRIPTOMIC,50,Xenopus tropicalis,ILLUMINA,2018-04-29T00:00:00Z,NPB dissection,GSM3095793,Pool 3,Dissected neural plate border (NPB) region,SRP142544,Dissected neural plate border (NPB) region,2018-04-24T22:15:00Z,1
SRR7061429,RNA-Seq,90,3797823923,PRJNA449931,SAMN08922091,2543031470,GEO,public,"run.zq,fastq,sra","s3,gs,ncbi","ncbi.public,gs.us-east1,s3.us-east-1",SRX3992361,v3,NextSeq 500,Library_15,CCTTTACT,PAIRED,cDNA,TRANSCRIPTOMIC,50,Xenopus tropicalis,ILLUMINA,2018-04-29T00:00:00Z,NPB dissection,GSM3095794,Pool 3,Dissected neural plate border (NPB) region,SRP142544,Dissected neural plate border (NPB) region,2018-04-24T21:25:00Z,1
SRR7061430,RNA-Seq,90,3098671089,PRJNA449931,SAMN08922086,2099953606,GEO,public,"sra,fastq,run.zq","ncbi,s3,gs","ncbi.public,gs.us-east1,s3.us-east-1",SRX3992362,v3,NextSeq 500,Library_16,GAGACGGA,PAIRED,cDNA,TRANSCRIPTOMIC,50,Xenopus tropicalis,ILLUMINA,2018-04-29T00:00:00Z,NPB dissection,GSM3095795,Pool 3,Dissected neural plate border (NPB) region,SRP142544,Dissected neural plate border (NPB) region,2018-04-24T20:50:00Z,1
SRR7061431,RNA-Seq,82,9303860055,PRJNA449931,SAMN08922085,4276197134,GEO,public,"fastq,run.zq,sra","gs,s3,ncbi","gs.us-east1,ncbi.public,s3.us-east-1",SRX3992363,v2,NextSeq 500,Library_17,TTAGGC,PAIRED,cDNA,TRANSCRIPTOMIC,5000,Xenopus tropicalis,ILLUMINA,2018-04-29T00:00:00Z,Timeseries 1,GSM3095796,Pool 1,Whole embryo,SRP142544,Whole embryo,2018-04-24T18:01:00Z,1
SRR7061432,RNA-Seq,83,12653311492,PRJNA449931,SAMN08922084,5706911059,GEO,public,"fastq,run.zq,sra","gs,s3,ncbi","gs.us-east1,s3.us-east-1,ncbi.public",SRX3992364,v2,NextSeq 500,Library_18,TGACCA,PAIRED,cDNA,TRANSCRIPTOMIC,"6,000",Xenopus tropicalis,ILLUMINA,2018-04-29T00:00:00Z,Timeseries 1,GSM3095797,Pool 1,Whole embryo,SRP142544,Whole embryo,2018-04-24T18:22:00Z,1
SRR7061433,RNA-Seq,82,11213579223,PRJNA449931,SAMN08922083,5444943131,GEO,public,"run.zq,fastq,sra","gs,ncbi,s3","s3.us-east-1,ncbi.public,gs.us-east1",SRX3992365,v2,NextSeq 500,Library_19,TTAGGC,PAIRED,cDNA,TRANSCRIPTOMIC,"10,000",Xenopus tropicalis,ILLUMINA,2018-04-29T00:00:00Z,Timeseries 1,GSM3095798,Pool 2,Whole embryo,SRP142544,Whole embryo,2018-04-24T18:16:00Z,1
SRR7061434,RNA-Seq,90,5001341105,PRJNA449931,SAMN08922082,3349640706,GEO,public,"run.zq,sra,fastq","ncbi,gs,s3","gs.us-east1,ncbi.public,s3.us-east-1",SRX3992366,v3,NextSeq 500,Library_20,ATTAGACG,PAIRED,cDNA,TRANSCRIPTOMIC,50,Xenopus tropicalis,ILLUMINA,2018-04-29T00:00:00Z,Timeseries 2,GSM3095799,Pool 3,Whole embryo,SRP142544,Whole embryo,2018-04-24T22:57:00Z,1
SRR7061435,RNA-Seq,90,5401016538,PRJNA449931,SAMN08922081,3612798270,GEO,public,"run.zq,fastq,sra","ncbi,gs,s3","ncbi.public,gs.us-east1,s3.us-east-1",SRX3992367,v3,NextSeq 500,Library_21,CGGAGAGA,PAIRED,cDNA,TRANSCRIPTOMIC,50,Xenopus tropicalis,ILLUMINA,2018-04-29T00:00:00Z,Timeseries 2,GSM3095800,Pool 3,Whole embryo,SRP142544,Whole embryo,2018-04-24T23:23:00Z,1
SRR7061436,RNA-Seq,90,4443193760,PRJNA449931,SAMN08922080,2981025349,GEO,public,"fastq,run.zq,sra","gs,s3,ncbi","s3.us-east-1,ncbi.public,gs.us-east1",SRX3992368,v3,NextSeq 500,Library_22,CTAGTCGA,PAIRED,cDNA,TRANSCRIPTOMIC,50,Xenopus tropicalis,ILLUMINA,2019-02-26T00:00:00Z,Timeseries 2,GSM3095801,Pool 3,Whole embryo,SRP142544,Whole embryo,2019-02-25T17:34:00Z,2
SRR7061437,RNA-Seq,90,5391322131,PRJNA449931,SAMN08922079,3594536709,GEO,public,"run.zq,fastq,sra","s3,gs,ncbi","s3.us-east-1,ncbi.public,gs.us-east1",SRX3992369,v3,NextSeq 500,Library_23,AGCTAGAA,PAIRED,cDNA,TRANSCRIPTOMIC,50,Xenopus tropicalis,ILLUMINA,2018-04-29T00:00:00Z,Timeseries 2,GSM3095802,Pool 3,Whole embryo,SRP142544,Whole embryo,2018-04-24T23:12:00Z,1
SRR7061438,RNA-Seq,90,3714253091,PRJNA449931,SAMN08922078,2489749714,GEO,public,"sra,run.zq,fastq","s3,gs,ncbi","s3.us-east-1,ncbi.public,gs.us-east1",SRX3992370,v3,NextSeq 500,Library_24,ACTCTAGG,PAIRED,cDNA,TRANSCRIPTOMIC,50,Xenopus tropicalis,ILLUMINA,2018-04-29T00:00:00Z,Timeseries 2,GSM3095803,Pool 3,Whole embryo,SRP142544,Whole embryo,2018-04-24T20:24:00Z,1
SRR7061439,RNA-Seq,90,3903697963,PRJNA449931,SAMN08922077,2615599601,GEO,public,"run.zq,sra,fastq","gs,ncbi,s3","s3.us-east-1,ncbi.public,gs.us-east1",SRX3992371,v3,NextSeq 500,Library_25,TCTTACGC,PAIRED,cDNA,TRANSCRIPTOMIC,50,Xenopus tropicalis,ILLUMINA,2018-04-29T00:00:00Z,Timeseries 2,GSM3095804,Pool 3,Whole embryo,SRP142544,Whole embryo,2018-04-24T20:18:00Z,1
SRR7061440,RNA-Seq,90,5971125324,PRJNA449931,SAMN08922076,3969843307,GEO,public,"run.zq,sra,fastq","gs,ncbi,s3","gs.us-east1,ncbi.public,s3.us-east-1",SRX3992372,v3,NextSeq 500,Library_26,CTTAATAG,PAIRED,cDNA,TRANSCRIPTOMIC,50,Xenopus tropicalis,ILLUMINA,2018-04-29T00:00:00Z,Timeseries 2,GSM3095805,Pool 3,Whole embryo,SRP142544,Whole embryo,2018-04-24T23:09:00Z,1
SRR7061441,RNA-Seq,82,6721891090,PRJNA449931,SAMN08922045,3051606228,GEO,public,"fastq,sra,run.zq","gs,s3,ncbi","s3.us-east-1,gs.us-east1,ncbi.public",SRX3992373,v2,NextSeq 500,Library_27,ACAGTG,PAIRED,cDNA,TRANSCRIPTOMIC,"10,000",Xenopus tropicalis,ILLUMINA,2018-04-29T00:00:00Z,Timeseries 1,GSM3095806,Pool 1,Whole embryo,SRP142544,Whole embryo,2018-04-24T17:50:00Z,1
SRR7061442,RNA-Seq,82,8722423716,PRJNA449931,SAMN08922044,3968317655,GEO,public,"fastq,run.zq","ncbi,s3,gs","s3.us-east-1,gs.us-east1,ncbi.public",SRX3992374,v2,NextSeq 500,Library_28,GCCAAT,PAIRED,cDNA,TRANSCRIPTOMIC,"10,000",Xenopus tropicalis,ILLUMINA,2018-04-29T00:00:00Z,Timeseries 1,GSM3095807,Pool 1,Whole embryo,SRP142544,Whole embryo,,
SRR7061443,RNA-Seq,83,5551711177,PRJNA449931,SAMN08922043,2647482376,GEO,public,"run.zq,fastq,sra","ncbi,gs,s3","s3.us-east-1,ncbi.public,gs.us-east1",SRX3992375,v2,NextSeq 500,Library_29,TGACCA,PAIRED,cDNA,TRANSCRIPTOMIC,"10,000",Xenopus tropicalis,ILLUMINA,2018-04-29T00:00:00Z,Timeseries 1,GSM3095808,Pool 2,Whole embryo,SRP142544,Whole embryo,2018-04-24T17:46:00Z,1
SRR7061444,RNA-Seq,83,5190973643,PRJNA449931,SAMN08922042,2478855685,GEO,public,"fastq,run.zq,sra","gs,s3,ncbi","ncbi.public,gs.us-east1,s3.us-east-1",SRX3992376,v2,NextSeq 500,Library_30,ACAGTG,PAIRED,cDNA,TRANSCRIPTOMIC,"10,000",Xenopus tropicalis,ILLUMINA,2018-04-29T00:00:00Z,Timeseries 1,GSM3095809,Pool 2,Whole embryo,SRP142544,Whole embryo,2018-04-24T17:47:00Z,1
SRR7061445,RNA-Seq,90,5337412589,PRJNA449931,SAMN08922041,3558246813,GEO,public,"fastq,sra,run.zq","gs,ncbi,s3","s3.us-east-1,gs.us-east1,ncbi.public",SRX3992377,v3,NextSeq 500,Library_31,ATAGCCTT,PAIRED,cDNA,TRANSCRIPTOMIC,50,Xenopus tropicalis,ILLUMINA,2018-04-29T00:00:00Z,Timeseries 2,GSM3095810,Pool 3,Whole embryo,SRP142544,Whole embryo,2018-04-24T23:10:00Z,1
SRR7061446,RNA-Seq,90,5558017330,PRJNA449931,SAMN08922040,3708909352,GEO,public,"run.zq,fastq,sra","ncbi,s3,gs","gs.us-east1,s3.us-east-1,ncbi.public",SRX3992378,v3,NextSeq 500,Library_32,TAAGGCTC,PAIRED,cDNA,TRANSCRIPTOMIC,50,Xenopus tropicalis,ILLUMINA,2018-04-29T00:00:00Z,Timeseries 2,GSM3095811,Pool 3,Whole embryo,SRP142544,Whole embryo,2018-04-24T23:50:00Z,1
SRR7061447,RNA-Seq,90,8913941035,PRJNA449931,SAMN08922039,5928566446,GEO,public,"run.zq,fastq,sra","ncbi,gs,s3","s3.us-east-1,ncbi.public,gs.us-east1",SRX3992379,v3,NextSeq 500,Library_33,TCGCATAA,PAIRED,cDNA,TRANSCRIPTOMIC,50,Xenopus tropicalis,ILLUMINA,2018-04-29T00:00:00Z,Timeseries 2,GSM3095812,Pool 3,Whole embryo,SRP142544,Whole embryo,2018-04-25T04:23:00Z,1
SRR7061448,RNA-Seq,82,16282424598,PRJNA449931,SAMN08922038,7375415610,GEO,public,"run.zq,fastq,sra","s3,gs,ncbi","gs.us-east1,ncbi.public,s3.us-east-1",SRX3992380,v2,NextSeq 500,Library_34,CAGATC,PAIRED,cDNA,TRANSCRIPTOMIC,"10,000",Xenopus tropicalis,ILLUMINA,2018-04-29T00:00:00Z,Timeseries 1,GSM3095813,Pool 1,Whole embryo,SRP142544,Whole embryo,2018-04-24T18:41:00Z,1
SRR7061449,RNA-Seq,82,13160439643,PRJNA449931,SAMN08922037,5944965550,GEO,public,"run.zq,fastq,sra","s3,gs,ncbi","ncbi.public,s3.us-east-1,gs.us-east1",SRX3992381,v2,NextSeq 500,Library_35,ACTTGA,PAIRED,cDNA,TRANSCRIPTOMIC,"10,000",Xenopus tropicalis,ILLUMINA,2018-04-29T00:00:00Z,Timeseries 1,GSM3095814,Pool 1,Whole embryo,SRP142544,Whole embryo,2018-04-24T18:29:00Z,1
SRR7061450,RNA-Seq,82,14346024510,PRJNA449931,SAMN08922036,6934993564,GEO,public,"sra,fastq,run.zq","gs,ncbi,s3","s3.us-east-1,gs.us-east1,ncbi.public",SRX3992382,v2,NextSeq 500,Library_36,GCCAAT,PAIRED,cDNA,TRANSCRIPTOMIC,"10,000",Xenopus tropicalis,ILLUMINA,2018-04-29T00:00:00Z,Timeseries 1,GSM3095815,Pool 2,Whole embryo,SRP142544,Whole embryo,2018-04-24T18:34:00Z,1
SRR7061451,RNA-Seq,82,12969479534,PRJNA449931,SAMN08922035,6237133127,GEO,public,"fastq,run.zq,sra","gs,s3,ncbi","ncbi.public,gs.us-east1,s3.us-east-1",SRX3992383,v2,NextSeq 500,Library_37,CAGATC,PAIRED,cDNA,TRANSCRIPTOMIC,"10,000",Xenopus tropicalis,ILLUMINA,2018-04-29T00:00:00Z,Timeseries 1,GSM3095816,Pool 2,Whole embryo,SRP142544,Whole embryo,2018-04-24T18:23:00Z,1
SRR7061452,RNA-Seq,91,4284375459,PRJNA449931,SAMN08922034,2782042770,GEO,public,"run.zq,sra,fastq","gs,s3,ncbi","ncbi.public,s3.us-east-1,gs.us-east1",SRX3992384,v3,NextSeq 500,Library_38,ATAGAGAG,PAIRED,cDNA,TRANSCRIPTOMIC,50,Xenopus tropicalis,ILLUMINA,2018-04-29T00:00:00Z,Timeseries 2,GSM3095817,Pool 4,Whole embryo,SRP142544,Whole embryo,2018-04-24T20:55:00Z,1
SRR7061453,RNA-Seq,91,5584821424,PRJNA449931,SAMN08922033,3603597483,GEO,public,"run.zq,fastq,sra","s3,ncbi,gs","s3.us-east-1,ncbi.public,gs.us-east1",SRX3992385,v3,NextSeq 500,Library_39,AGAGGATA,PAIRED,cDNA,TRANSCRIPTOMIC,50,Xenopus tropicalis,ILLUMINA,2018-04-29T00:00:00Z,Timeseries 2,GSM3095818,Pool 4,Whole embryo,SRP142544,Whole embryo,2018-04-24T23:25:00Z,1
SRR7061454,RNA-Seq,91,6493767826,PRJNA449931,SAMN08922032,4181574910,GEO,public,"sra,run.zq,fastq","gs,ncbi,s3","gs.us-east1,s3.us-east-1,ncbi.public",SRX3992386,v3,NextSeq 500,Library_40,CTCCTTAC,PAIRED,cDNA,TRANSCRIPTOMIC,50,Xenopus tropicalis,ILLUMINA,2018-04-29T00:00:00Z,Timeseries 2,GSM3095819,Pool 4,Whole embryo,SRP142544,Whole embryo,2018-04-24T22:03:00Z,1
SRR7061455,RNA-Seq,82,7008317875,PRJNA449931,SAMN08922031,3172787542,GEO,public,"fastq,sra,run.zq","ncbi,gs,s3","s3.us-east-1,gs.us-east1,ncbi.public",SRX3992387,v2,NextSeq 500,Library_41,GATCAG,PAIRED,cDNA,TRANSCRIPTOMIC,"10,000",Xenopus tropicalis,ILLUMINA,2018-04-29T00:00:00Z,Timeseries 1,GSM3095820,Pool 1,Whole embryo,SRP142544,Whole embryo,2018-04-24T17:58:00Z,1
SRR7061456,RNA-Seq,82,8485826721,PRJNA449931,SAMN08922030,3853732027,GEO,public,"sra,run.zq,fastq","ncbi,gs,s3","gs.us-east1,ncbi.public,s3.us-east-1",SRX3992388,v2,NextSeq 500,Library_42,TAGCTT,PAIRED,cDNA,TRANSCRIPTOMIC,"8,000",Xenopus tropicalis,ILLUMINA,2018-04-29T00:00:00Z,Timeseries 1,GSM3095821,Pool 1,Whole embryo,SRP142544,Whole embryo,2018-04-24T18:03:00Z,1
SRR7061457,RNA-Seq,82,8796023547,PRJNA449931,SAMN08922029,3914228346,GEO,public,"run.zq,sra,fastq","gs,s3,ncbi","gs.us-east1,ncbi.public,s3.us-east-1",SRX3992389,v2,NextSeq 500,Library_43,GTCCGC,PAIRED,cDNA,TRANSCRIPTOMIC,"8,000",Xenopus tropicalis,ILLUMINA,2018-04-29T00:00:00Z,Timeseries 1,GSM3095822,Pool 1,Whole embryo,SRP142544,Whole embryo,2018-04-24T18:01:00Z,1
SRR7061458,RNA-Seq,82,7185429913,PRJNA449931,SAMN08922028,3442252119,GEO,public,"run.zq,sra,fastq","gs,s3,ncbi","ncbi.public,s3.us-east-1,gs.us-east1",SRX3992390,v2,NextSeq 500,Library_44,ACTTGA,PAIRED,cDNA,TRANSCRIPTOMIC,"10,000",Xenopus tropicalis,ILLUMINA,2018-04-29T00:00:00Z,Timeseries 1,GSM3095823,Pool 2,Whole embryo,SRP142544,Whole embryo,2018-04-24T17:54:00Z,1
SRR7061459,RNA-Seq,91,8703546124,PRJNA449931,SAMN08922027,5543824440,GEO,public,"sra,fastq,run.zq","s3,ncbi,gs","gs.us-east1,s3.us-east-1,ncbi.public",SRX3992391,v3,NextSeq 500,Library_45,TATGCAGT,PAIRED,cDNA,TRANSCRIPTOMIC,50,Xenopus tropicalis,ILLUMINA,2018-04-29T00:00:00Z,Timeseries 2,GSM3095824,Pool 4,Whole embryo,SRP142544,Whole embryo,2018-04-25T02:03:00Z,1
SRR7061460,RNA-Seq,91,5256295499,PRJNA449931,SAMN08922026,3398988104,GEO,public,"fastq,sra,run.zq","gs,s3,ncbi","ncbi.public,s3.us-east-1,gs.us-east1",SRX3992392,v3,NextSeq 500,Library_46,TACTCCTT,PAIRED,cDNA,TRANSCRIPTOMIC,50,Xenopus tropicalis,ILLUMINA,2018-04-29T00:00:00Z,Timeseries 2,GSM3095825,Pool 4,Whole embryo,SRP142544,Whole embryo,2018-04-24T21:06:00Z,1
SRR7061461,RNA-Seq,91,5843891144,PRJNA449931,SAMN08922025,3762969832,GEO,public,"sra,run.zq,fastq","ncbi,gs,s3","ncbi.public,s3.us-east-1,gs.us-east1",SRX3992393,v3,NextSeq 500,Library_47,AGGCTTAG,PAIRED,cDNA,TRANSCRIPTOMIC,50,Xenopus tropicalis,ILLUMINA,2018-04-29T00:00:00Z,Timeseries 2,GSM3095826,Pool 4,Whole embryo,SRP142544,Whole embryo,2018-04-24T22:06:00Z,1
SRR7061462,RNA-Seq,82,8534802799,PRJNA449931,SAMN08922024,3903830075,GEO,public,"sra,run.zq,fastq","ncbi,s3,gs","ncbi.public,s3.us-east-1,gs.us-east1",SRX3992394,v2,NextSeq 500,Library_48,GGCTAC,PAIRED,cDNA,TRANSCRIPTOMIC,"10,000",Xenopus tropicalis,ILLUMINA,2018-04-29T00:00:00Z,Timeseries 1,GSM3095827,Pool 1,Whole embryo,SRP142544,Whole embryo,2018-04-24T18:00:00Z,1
SRR7061463,RNA-Seq,82,11621666782,PRJNA449931,SAMN08922023,5263483949,GEO,public,"sra,run.zq,fastq","ncbi,gs,s3","gs.us-east1,s3.us-east-1,ncbi.public",SRX3992395,v2,NextSeq 500,Library_49,CTTGTA,PAIRED,cDNA,TRANSCRIPTOMIC,"10,000",Xenopus tropicalis,ILLUMINA,2018-04-29T00:00:00Z,Timeseries 1,GSM3095828,Pool 1,Whole embryo,SRP142544,Whole embryo,2018-04-24T18:11:00Z,1
SRR7061464,RNA-Seq,82,9380432275,PRJNA449931,SAMN08922022,4276216404,GEO,public,"run.zq,fastq,sra","s3,ncbi,gs","ncbi.public,gs.us-east1,s3.us-east-1",SRX3992396,v2,NextSeq 500,Library_50,AGTCAA,PAIRED,cDNA,TRANSCRIPTOMIC,"10,000",Xenopus tropicalis,ILLUMINA,2018-04-29T00:00:00Z,Timeseries 1,GSM3095829,Pool 1,Whole embryo,SRP142544,Whole embryo,2018-04-24T18:03:00Z,1
SRR7061465,RNA-Seq,82,7814034367,PRJNA449931,SAMN08922066,3740639103,GEO,public,"run.zq,sra,fastq","gs,ncbi,s3","ncbi.public,gs.us-east1,s3.us-east-1",SRX3992397,v2,NextSeq 500,Library_51,GATCAG,PAIRED,cDNA,TRANSCRIPTOMIC,"10,000",Xenopus tropicalis,ILLUMINA,2018-04-29T00:00:00Z,Timeseries 1,GSM3095830,Pool 2,Whole embryo,SRP142544,Whole embryo,2018-04-24T17:57:00Z,1
SRR7061466,RNA-Seq,83,7584170524,PRJNA449931,SAMN08922065,3642944673,GEO,public,"fastq,run.zq,sra","gs,s3,ncbi","s3.us-east-1,gs.us-east1,ncbi.public",SRX3992398,v2,NextSeq 500,Library_52,TAGCTT,PAIRED,cDNA,TRANSCRIPTOMIC,"10,000",Xenopus tropicalis,ILLUMINA,2018-04-29T00:00:00Z,Timeseries 1,GSM3095831,Pool 2,Whole embryo,SRP142544,Whole embryo,2018-04-24T17:59:00Z,1
SRR7061467,RNA-Seq,91,6277506235,PRJNA449931,SAMN08922064,4015474400,GEO,public,"run.zq,fastq,sra","s3,ncbi,gs","gs.us-east1,s3.us-east-1,ncbi.public",SRX3992399,v3,NextSeq 500,Library_53,ATTAGACG,PAIRED,cDNA,TRANSCRIPTOMIC,50,Xenopus tropicalis,ILLUMINA,2018-04-29T00:00:00Z,Timeseries 2,GSM3095832,Pool 4,Whole embryo,SRP142544,Whole embryo,2018-04-25T00:20:00Z,1
SRR7061468,RNA-Seq,91,9614595445,PRJNA449931,SAMN08922063,6117982803,GEO,public,"sra,run.zq,fastq","s3,gs,ncbi","gs.us-east1,ncbi.public,s3.us-east-1",SRX3992400,v3,NextSeq 500,Library_54,CGGAGAGA,PAIRED,cDNA,TRANSCRIPTOMIC,50,Xenopus tropicalis,ILLUMINA,2018-04-29T00:00:00Z,Timeseries 2,GSM3095833,Pool 4,Whole embryo,SRP142544,Whole embryo,2018-04-25T03:45:00Z,1
SRR7061469,RNA-Seq,91,7657647361,PRJNA449931,SAMN08922062,4909691790,GEO,public,"fastq,sra,run.zq","s3,ncbi,gs","gs.us-east1,ncbi.public,s3.us-east-1",SRX3992401,v3,NextSeq 500,Library_55,CTAGTCGA,PAIRED,cDNA,TRANSCRIPTOMIC,50,Xenopus tropicalis,ILLUMINA,2018-04-29T00:00:00Z,Timeseries 2,GSM3095834,Pool 4,Whole embryo,SRP142544,Whole embryo,2018-04-25T01:45:00Z,1
SRR7061470,RNA-Seq,82,11697586660,PRJNA449931,SAMN08922061,5325795600,GEO,public,"sra,fastq,run.zq","gs,ncbi,s3","s3.us-east-1,gs.us-east1,ncbi.public",SRX3992402,v2,NextSeq 500,Library_56,AGTTCC,PAIRED,cDNA,TRANSCRIPTOMIC,"11,000",Xenopus tropicalis,ILLUMINA,2018-04-29T00:00:00Z,Timeseries 1,GSM3095835,Pool 1,Whole embryo,SRP142544,Whole embryo,2018-04-24T18:12:00Z,1
SRR7061471,RNA-Seq,82,12837593369,PRJNA449931,SAMN08922060,5849655810,GEO,public,"fastq,sra,run.zq","gs,ncbi,s3","ncbi.public,gs.us-east1,s3.us-east-1",SRX3992403,v2,NextSeq 500,Library_57,ATGTCA,PAIRED,cDNA,TRANSCRIPTOMIC,"11,000",Xenopus tropicalis,ILLUMINA,2018-04-29T00:00:00Z,Timeseries 1,GSM3095836,Pool 1,Whole embryo,SRP142544,Whole embryo,2018-04-24T18:22:00Z,1
SRR7061472,RNA-Seq,82,13062802435,PRJNA449931,SAMN08922059,5993265093,GEO,public,"fastq,sra,run.zq","s3,ncbi,gs","ncbi.public,s3.us-east-1,gs.us-east1",SRX3992404,v2,NextSeq 500,Library_58,CCGTCC,PAIRED,cDNA,TRANSCRIPTOMIC,"10,000",Xenopus tropicalis,ILLUMINA,2018-04-29T00:00:00Z,Timeseries 1,GSM3095837,Pool 1,Whole embryo,SRP142544,Whole embryo,2018-04-24T18:26:00Z,1
SRR7061473,RNA-Seq,83,8558825839,PRJNA449931,SAMN08922058,4132867437,GEO,public,"run.zq,fastq,sra","ncbi,s3,gs","gs.us-east1,s3.us-east-1,ncbi.public",SRX3992405,v2,NextSeq 500,Library_59,GGCTAC,PAIRED,cDNA,TRANSCRIPTOMIC,"10,000",Xenopus tropicalis,ILLUMINA,2018-04-29T00:00:00Z,Timeseries 1,GSM3095838,Pool 2,Whole embryo,SRP142544,Whole embryo,2018-04-24T18:03:00Z,1
SRR7061474,RNA-Seq,82,9112476331,PRJNA449931,SAMN08922057,4374748354,GEO,public,"sra,fastq,run.zq","s3,ncbi,gs","s3.us-east-1,ncbi.public,gs.us-east1",SRX3992406,v2,NextSeq 500,Library_60,CTTGTA,PAIRED,cDNA,TRANSCRIPTOMIC,"10,000",Xenopus tropicalis,ILLUMINA,2018-04-29T00:00:00Z,Timeseries 1,GSM3095839,Pool 2,Whole embryo,SRP142544,Whole embryo,2018-04-24T18:06:00Z,1
SRR7061475,RNA-Seq,82,7542817995,PRJNA449931,SAMN08922056,3624061991,GEO,public,"run.zq,fastq,sra","s3,gs,ncbi","gs.us-east1,s3.us-east-1,ncbi.public",SRX3992407,v2,NextSeq 500,Library_61,AGTCAA,PAIRED,cDNA,TRANSCRIPTOMIC,"10,000",Xenopus tropicalis,ILLUMINA,2018-04-29T00:00:00Z,Timeseries 1,GSM3095840,Pool 2,Whole embryo,SRP142544,Whole embryo,2018-04-24T17:59:00Z,1
SRR7061476,RNA-Seq,91,4646436431,PRJNA449931,SAMN08922055,3003492846,GEO,public,"run.zq,sra,fastq","s3,ncbi,gs","ncbi.public,gs.us-east1,s3.us-east-1",SRX3992408,v3,NextSeq 500,Library_62,AGCTAGAA,PAIRED,cDNA,TRANSCRIPTOMIC,50,Xenopus tropicalis,ILLUMINA,2018-04-29T00:00:00Z,Timeseries 2,GSM3095841,Pool 4,Whole embryo,SRP142544,Whole embryo,2018-04-24T21:51:00Z,1
SRR7061477,RNA-Seq,91,4759488461,PRJNA449931,SAMN08922054,3086475030,GEO,public,"fastq,sra,run.zq","ncbi,s3,gs","s3.us-east-1,ncbi.public,gs.us-east1",SRX3992409,v3,NextSeq 500,Library_63,ACTCTAGG,PAIRED,cDNA,TRANSCRIPTOMIC,50,Xenopus tropicalis,ILLUMINA,2018-04-29T00:00:00Z,Timeseries 2,GSM3095842,Pool 4,Whole embryo,SRP142544,Whole embryo,2018-04-25T00:34:00Z,1
SRR7061478,RNA-Seq,91,5843659367,PRJNA449931,SAMN08922053,3799886288,GEO,public,"fastq,run.zq,sra","ncbi,gs,s3","ncbi.public,gs.us-east1,s3.us-east-1",SRX3992410,v3,NextSeq 500,Library_64,TCTTACGC,PAIRED,cDNA,TRANSCRIPTOMIC,50,Xenopus tropicalis,ILLUMINA,2018-04-29T00:00:00Z,Timeseries 2,GSM3095843,Pool 4,Whole embryo,SRP142544,Whole embryo,2018-04-25T00:40:00Z,1
SRR7061479,RNA-Seq,91,5974181122,PRJNA449931,SAMN08922052,3818925570,GEO,public,"fastq,sra,run.zq","gs,s3,ncbi","s3.us-east-1,ncbi.public,gs.us-east1",SRX3992411,v3,NextSeq 500,Library_65,CTTAATAG,PAIRED,cDNA,TRANSCRIPTOMIC,50,Xenopus tropicalis,ILLUMINA,2018-04-29T00:00:00Z,Timeseries 2,GSM3095844,Pool 4,Whole embryo,SRP142544,Whole embryo,2018-04-25T00:44:00Z,1
SRR7061480,RNA-Seq,91,6706898198,PRJNA449931,SAMN08922051,4310032033,GEO,public,"run.zq,fastq,sra","s3,ncbi,gs","gs.us-east1,s3.us-east-1,ncbi.public",SRX3992412,v3,NextSeq 500,Library_66,ATAGCCTT,PAIRED,cDNA,TRANSCRIPTOMIC,50,Xenopus tropicalis,ILLUMINA,2018-04-29T00:00:00Z,Timeseries 2,GSM3095845,Pool 4,Whole embryo,SRP142544,Whole embryo,2018-04-25T01:49:00Z,1
SRR7061481,RNA-Seq,91,7013658834,PRJNA449931,SAMN08922050,4493330159,GEO,public,"run.zq,sra,fastq","gs,ncbi,s3","gs.us-east1,ncbi.public,s3.us-east-1",SRX3992413,v3,NextSeq 500,Library_67,TAAGGCTC,PAIRED,cDNA,TRANSCRIPTOMIC,50,Xenopus tropicalis,ILLUMINA,2018-04-29T00:00:00Z,Timeseries 2,GSM3095846,Pool 4,Whole embryo,SRP142544,Whole embryo,2018-04-25T02:09:00Z,1
SRR7061482,RNA-Seq,91,6978192494,PRJNA449931,SAMN08922049,4489121403,GEO,public,"sra,fastq,run.zq","gs,ncbi,s3","ncbi.public,s3.us-east-1,gs.us-east1",SRX3992414,v3,NextSeq 500,Library_68,TCGCATAA,PAIRED,cDNA,TRANSCRIPTOMIC,50,Xenopus tropicalis,ILLUMINA,2018-04-29T00:00:00Z,Timeseries 2,GSM3095847,Pool 4,Whole embryo,SRP142544,Whole embryo,2018-04-24T22:23:00Z,1
SRR7061483,RNA-Seq,91,7494765733,PRJNA449931,SAMN08922048,4818770612,GEO,public,"fastq,sra,run.zq","gs,s3,ncbi","ncbi.public,s3.us-east-1,gs.us-east1",SRX3992415,v3,NextSeq 500,Library_69,TTACCTCC,PAIRED,cDNA,TRANSCRIPTOMIC,50,Xenopus tropicalis,ILLUMINA,2018-04-29T00:00:00Z,Timeseries 2,GSM3095848,Pool 4,Whole embryo,SRP142544,Whole embryo,2018-04-25T00:55:00Z,1
SRR7061484,RNA-Seq,91,5100014465,PRJNA449931,SAMN08922047,3278070606,GEO,public,"fastq,run.zq,sra","ncbi,gs,s3","gs.us-east1,ncbi.public,s3.us-east-1",SRX3992416,v3,NextSeq 500,Library_70,CAGTTATG,PAIRED,cDNA,TRANSCRIPTOMIC,50,Xenopus tropicalis,ILLUMINA,2018-04-29T00:00:00Z,Timeseries 2,GSM3095849,Pool 4,Whole embryo,SRP142544,Whole embryo,2018-04-24T22:23:00Z,1
SRR7061485,RNA-Seq,91,6522499802,PRJNA449931,SAMN08922046,4197640635,GEO,public,"run.zq,sra,fastq","gs,s3,ncbi","s3.us-east-1,gs.us-east1,ncbi.public",SRX3992417,v3,NextSeq 500,Library_71,CCTTTACT,PAIRED,cDNA,TRANSCRIPTOMIC,50,Xenopus tropicalis,ILLUMINA,2018-04-29T00:00:00Z,Timeseries 2,GSM3095850,Pool 4,Whole embryo,SRP142544,Whole embryo,2018-04-24T22:22:00Z,1
SRR7061486,RNA-Seq,91,10497973031,PRJNA449931,SAMN08922090,6763217359,GEO,public,"run.zq,sra,fastq","ncbi,gs,s3","gs.us-east1,ncbi.public,s3.us-east-1",SRX3992418,v3,NextSeq 500,Library_72,GAGACGGA,PAIRED,cDNA,TRANSCRIPTOMIC,50,Xenopus tropicalis,ILLUMINA,2018-04-29T00:00:00Z,Timeseries 2,GSM3095851,Pool 4,Whole embryo,SRP142544,Whole embryo,2018-04-25T01:01:00Z,1
SRR7061487,RNA-Seq,91,13866620313,PRJNA449931,SAMN08922089,6038403417,GEO,public,"fastq,run.zq,sra","gs,s3,ncbi","gs.us-east1,ncbi.public,s3.us-east-1",SRX3992419,v3,NextSeq 500,Library_73,AGAAAGCT,PAIRED,cDNA,TRANSCRIPTOMIC,50,Xenopus tropicalis,ILLUMINA,2018-04-29T00:00:00Z,Timeseries 2,GSM3095852,Pool 4,Whole embryo,SRP142544,Whole embryo,2018-04-25T08:17:00Z,1
SRR7061488,RNA-Seq,91,10111791144,PRJNA449931,SAMN08922088,6469085643,GEO,public,"sra,run.zq,fastq","gs,ncbi,s3","gs.us-east1,s3.us-east-1,ncbi.public",SRX3992420,v3,NextSeq 500,Library_74,ACGCTCTT,PAIRED,cDNA,TRANSCRIPTOMIC,50,Xenopus tropicalis,ILLUMINA,2018-04-29T00:00:00Z,Timeseries 2,GSM3095853,Pool 4,Whole embryo,SRP142544,Whole embryo,2018-04-25T04:24:00Z,1
SRR7061489,RNA-Seq,91,11875225999,PRJNA449931,SAMN08922087,7593376371,GEO,public,"fastq,sra,run.zq","gs,s3,ncbi","ncbi.public,s3.us-east-1,gs.us-east1",SRX3992421,v3,NextSeq 500,Library_75,CGCATTCT,PAIRED,cDNA,TRANSCRIPTOMIC,50,Xenopus tropicalis,ILLUMINA,2018-04-29T00:00:00Z,Timeseries 2,GSM3095854,Pool 4,Whole embryo,SRP142544,Whole embryo,2018-04-25T07:15:00Z,1
